{"cameraMode":{"drawMode":0,"name":"Shaded","section":"Shading Mode"},"sceneLighting":false,"audioPlay":false,"sceneViewState":{"showFog":true,"showMaterialUpdate":false,"showSkybox":false,"showFlares":true,"showImageEffects":true,"showParticleSystems":true},"in2DMode":false,"pivot":{"x":-1.9371509552001954e-7,"y":0.9800000190734863,"z":2.890000104904175},"rotation":{"x":0.15329813957214356,"y":-0.4113459885120392,"z":0.07039837539196015,"w":0.895736575126648},"size":1.2247449159622193,"orthographic":false}