{"cameraMode":{"drawMode":0,"name":"Shaded","section":"Shading Mode"},"sceneLighting":true,"audioPlay":false,"sceneViewState":{"showFog":true,"showMaterialUpdate":false,"showSkybox":false,"showFlares":true,"showImageEffects":true,"showParticleSystems":true},"in2DMode":false,"pivot":{"x":-7.450580596923828e-9,"y":0.09800000488758087,"z":0.19599999487400056},"rotation":{"x":0.06617583334445954,"y":-0.5266211032867432,"z":0.04114070162177086,"w":0.8465365171432495},"size":0.3536604046821594,"orthographic":false}