{"cameraMode":{"drawMode":0,"name":"Shaded","section":"Shading Mode"},"sceneLighting":false,"audioPlay":false,"sceneViewState":{"showFog":true,"showMaterialUpdate":false,"showSkybox":false,"showFlares":true,"showImageEffects":true,"showParticleSystems":true},"in2DMode":false,"pivot":{"x":0.0,"y":0.19050000607967378,"z":0.018000002950429918},"rotation":{"x":0.3564668893814087,"y":-0.4433588683605194,"z":0.19800376892089845,"w":0.7982406616210938},"size":1.6364877223968506,"orthographic":false}