{"cameraMode":{"drawMode":0,"name":"Shaded","section":"Shading Mode"},"sceneLighting":true,"audioPlay":false,"sceneViewState":{"showFog":true,"showMaterialUpdate":false,"showSkybox":true,"showFlares":true,"showImageEffects":true,"showParticleSystems":true},"in2DMode":false,"pivot":{"x":26.063831329345704,"y":0.5,"z":42.25202941894531},"rotation":{"x":0.02144351787865162,"y":0.9784927368164063,"z":-0.14940322935581208,"w":0.1412685513496399},"size":0.2312149554491043,"orthographic":true}