{"cameraMode":{"drawMode":0,"name":"Shaded","section":"Shading Mode"},"sceneLighting":true,"audioPlay":false,"sceneViewState":{"showFog":true,"showMaterialUpdate":false,"showSkybox":false,"showFlares":true,"showImageEffects":true,"showParticleSystems":true},"in2DMode":false,"pivot":{"x":-0.07102910429239273,"y":0.14535903930664063,"z":0.25586146116256716},"rotation":{"x":0.1265927106142044,"y":-0.6817938089370728,"z":0.12152949720621109,"w":0.7101907134056091},"size":0.21105597913265229,"orthographic":false}